Name,Address,Type,Description,Image_Url
Gringos Tex Mex,"2202 Broadway St, Pearland, TX 77581",Resturant,Best Tex Mex & Margs!!,https://www.gringostexmex.com/wp-content/uploads/2016/04/gringos-pearland-original-exterior-sign.jpg
Killen's Barbecue,"3613 E Broadway St, Pearland, TX 77581",Resturant,Best BBQ & Mac 'n Cheese,https://lh3.googleusercontent.com/8x1onl3JxYFSpE9-qjcb1NIbwcwEEciC2uSqWfOBl_oWqxIHLtDcPL4MgpFPuC9e3TUNSyLcxvamfhts0rRjO-Qom_UREEbAnd4fN5_j-w
Waygood Coffee,"2715 Old Max Ct, Pearland, TX 77581",Coffee Shop,My Favorite Coffee Shop. Must Try Salted Shaken Espresso. ,https://static.where-e.com/United_States/Texas/Brazoria_County/Waygood-Coffee_529a5f9bc456a4669bc9576ee41233a2.jpg
Pearland Coffee Roasters,"1315 Broadway St, Pearland, TX 77581",Coffee Shop,Pearland Coffee Staple! Homemade Syrups!,https://encrypted-tbn0.gstatic.com/images?q=tbn:ANd9GcREzkgAxnZHSwcbKknVzmiNL9IJp_2TGVVmuA&s
Pena's Donut Heaven,"10555 Pearland Pkwy Suite A1, Houston, TX 77089",Resturant,Best Donuts & Breakfast Tacos!!,https://dynamic-media-cdn.tripadvisor.com/media/photo-o/05/f4/9c/3c/pena-s-donut-heaven.jpg?w=900&h=500&s=1
Taglia Italian Kitchen,"3115 Dixie Farm Rd Suite 101, Pearland, TX 77581",Resturant,"Amazing Italian, Pizza & Wine",https://i0.wp.com/houstonfoodfinder.com/wp-content/uploads/2021/06/Taglia-Pearland-Courtesy-photo-resized-for-HFF.png?ssl=1
Portara Mediteranean,"2740 Broadway St, Pearland, TX 77581",Resturant,One of the best mediteranean resturants ever! Amazing Service!,https://d1w7312wesee68.cloudfront.net/AFwHgYIGO0rxzoiBidbHmo2j4gYNx3lGQWJogFAuNt4/ext:webp/quality:85/plain/s3://toast-sites-resources-prod/restaurantImages/ef088345-c333-49ac-a346-679d36a0f843/_45A9215.jpg
Ocean Sushi & Ramen,"214 S Friendswood Dr Suite B, Friendswood, TX 77546",Resturant,Best Sushi Ever!!! Must get Fantastic Roll!,"https://img.cdn4dd.com/cdn-cgi/image/fit=cover,width=600,height=400,format=auto,quality=80/https://doordash-static.s3.amazonaws.com/media/store/header/1ed6fff9-80f2-44a7-af66-aa08dbedabf4.jpg"
Killen's Steakhouse,"6425 Broadway St, Pearland, TX 77581",Resturant,Nice Steahouse!,https://media-api.xogrp.com/images/4890d443-295c-4d42-a031-7f90f76107d8~sc_675.375?quality=90
Style Junkie Boutique,"152 S Friendswood Dr, Friendswood, TX 77546",Shop,"Favorite Boutique! Best Clothes, Shoes & Jewelry",https://encrypted-tbn0.gstatic.com/images?q=tbn:ANd9GcRqOU-sfs77zinQIJnWaGqpxl5m-qXKpMx4Og&s
Floyds Cajun Seafood,"1300 Broadway St, Pearland, TX 77581",Resturant,Great crawfish & live music!,https://d2s742iet3d3t1.cloudfront.net/restaurant_service/restaurants/b24d8210-d952-4852-9e2e-741cf51d2fdd/Restaurant/e2fb11a7-ac83-4a3c-be1d-8823b71d7c1e.png?size=medium
Iguanas Ranas,"2536 S Grand Blvd, Pearland, TX 77581",Resturant,Really Great New Mexican Resturant,https://encrypted-tbn0.gstatic.com/images?q=tbn:ANd9GcSt1wt9vs8MTpiZ4xD5fnRpSGGTDDPkT7mXbw&s
Grazias Italian,"9415 Broadway St #103, Pearland, TX 77584",Resturant,Amazing Italian!!,https://images.otstatic.com/prod/24602300/1/large.jpg
H-E-B,"2710 Pearland Pkwy, Pearland, TX 77581",Shop,Nothing compares,https://images.heb.com/is/image/HEBGrocery/store-large/pearland-market-h-e-b-675.jpg
Jax's Burgers,"3320 E Broadway St #128, Pearland, TX 77581",Resturant,Best Burgers & Shakes,https://img1.wsimg.com/isteam/ip/0662e42e-725d-41ef-826f-a9bfcdd15e41/unspecified.jpeg
Whiskey Cake Kitchen & Bar,"18840 Gulf Fwy, Friendswood, TX 77546",Resturant,My favorite resturant ever!!,https://media.eventective.com/3961526_lg.jpg
Baybrook Mall,"500 Baybrook Mall, Friendswood, TX 77546",Shopping Center,Great Shops & Resturants!,https://images.squarespace-cdn.com/content/v1/5f29ba8f1254c472e11557a2/1620144535446-VU9AT7QJLOX0S3A4FVPT/StudioOutside_Baybrook+Mall+Lifestyle+Center_01.jpg
SnoBeach Snowcones,"600 S Friendswood Dr, Friendswood, TX 77546",Resturant,Best local snow cones,https://encrypted-tbn0.gstatic.com/images?q=tbn:ANd9GcSh_rhxyQCzue8zOgx01ueWijyYiqx8Vwj95A&s
Queen Bling Boutique,"1130 Broadway St #106, Pearland, TX 77581",Shop,Good western wear,https://encrypted-tbn0.gstatic.com/images?q=tbn:ANd9GcTn1IK_OhjHL5BeWMfUK9xNZMZheQ78xEgCsA&s
Stevenson Park,"1100 S Friendswood Dr, Friendswood, TX 77546",Park,"Beach Volleyball, Pickleball, & Trails!",https://lh3.googleusercontent.com/gps-cs-s/AHVAweohTtMh2kAW8SummYdCVOZT8LMk4iZ-7SvSw_auwtZa6M3S9THSG0GzI3tpPjGxnx8W-Kk7qDJ_fLHhipOHIVyFwYEGAqz_NaAltYQwY5Y6UtgFrrMLM44uvX2XXcZaJZO2OIQE=s1360-w1360-h1020-rw
Independence Park,"3449 Pearland Pkwy, Pearland, TX 77581",Park,Great Park & Trails,https://23595424.fs1.hubspotusercontent-na1.net/hubfs/23595424/Playgrounds/Images/Independence%20Park-TX-Site-View-14-Web.jpg
Pearland High School,"3775 S Main St, Pearland, TX 77581",School,My Highschool!,https://encrypted-tbn0.gstatic.com/images?q=tbn:ANd9GcQf1Y4XTL3ZSbyJGHeFaD_5l-FbEfPjrC7Cpg&s
Golfcrest Country Club,"2509 Country Club Dr, Pearland, TX 77581",Golfcourse,"Golf, tennis, pickleball, pool, events!",https://encrypted-tbn0.gstatic.com/images?q=tbn:ANd9GcSVeHj1DR4aq4tbUdhiYlplOv_XLW6LHBgN-Q&s
Delores Fenwick Nature Center,"5750 Magnolia Pkwy, Pearland, TX 77584",Park,Great nature programs & summer camp,https://encrypted-tbn0.gstatic.com/images?q=tbn:ANd9GcSsLuq9AePnCO_uYrSiVFhJBnY2WkLrG_mQ5A&s
Pearwood Skate Center,"1230 Broadway St, Pearland, TX 77581",Activies,Kid Staple!,https://encrypted-tbn0.gstatic.com/images?q=tbn:ANd9GcQCxT4hvwuduq-TcGPz76M99U0Wp18fTg65-w&s
Doglegs Golf Lounge,"1823 Broadway St, Pearland, TX 77581",Activities,"Great Bar, Food & Golf Simulators",https://encrypted-tbn0.gstatic.com/images?q=tbn:ANd9GcRUeFrVTPh8RKCou6CoI6zYo_quizQpcJ799A&s
Chicken N Pickle," 210 Blue Heron Dr, Webster, TX 77598",Activities,Many courts indoor & outdoor!,https://chickennpickle.com/wp-content/uploads/2023/01/Chicken_N_Pickle_AERIAL-1-e1691497182764.png
St.Helens Catholic Church,"2209 Old Alvin Rd, Pearland, TX 77581",Church,My Church!,https://lh3.googleusercontent.com/gps-cs-s/AHVAwer7UOSPuRS_Ws9efcvBs13pE6vyrl3Rv-vOU7JapiFOouYYxS6_rTJwLATDqQVTMeTl_Um5DDEgCEWy1LzqsIflC-osVBMB_GcOKXH8uc3c1lpYRkCMhMyglC6QqyeF55vjprY=s1360-w1360-h1020-rw
Little Woodrows,"20251 Gulf Fwy suite h, Webster, TX 77598",Bar,Great Outdoor Bar with live music,https://lh3.googleusercontent.com/p/AF1QipM_Oa1aNmEgw0Enj4gT88GhFacV_dYVRZZiPVfc=s1360-w1360-h1020-rw
Pearland Recretaion Center,"4141 Bailey Rd, Pearland, TX 77584",Recreational Center,Rec Center,https://lh3.googleusercontent.com/p/AF1QipOZqVHC37RrIK7GLIXXCqKuYb7YxXKy5xu5bllO=s1360-w1360-h1020-rw
Odyssey Cheer Gym,"3802 Masters Rd, Pearland, TX 77584",Fitness Studio,My Cheer Gym growing up,https://lh3.googleusercontent.com/p/AF1QipM0M5TI3LjmE0yEwVqvksMUHW6-ClvbUVo5UjdS=s1360-w1360-h1020-rw
HOTWORX Pearland,"2110 Pearland Pkwy Suite 116, Pearland, TX 77581",Fitness Studio,Sauna workout studio!,https://encrypted-tbn0.gstatic.com/images?q=tbn:ANd9GcQPZb6v-2RkcP2rSoxWM-UB__ky7nFpotNExg&s
Urban Eve Salon,"2705 Broadway St, Pearland, TX 77581",Salon,Hair Salon & Boutique!,https://myurbaneve.com/wp-content/uploads/2020/08/urbaneve-fulllogo-logo-navy.png
Waffle House,"1507 E Broadway St, Pearland, TX 77581",Resturant,Oldie but a Goodie!,https://encrypted-tbn0.gstatic.com/images?q=tbn:ANd9GcT8MoQmPMmInRjX8UWx2uYzP2m0Jt62z2UKcg&s
Studio Movie Grill,"8440 S Sam Houston Pkwy E, Houston, TX 77075",Activities,Movie Theatre with full service from your seat!,https://cdn.studiomoviegrill.com/content/bae03725-38c8-4a18-aa6c-c3f779b6cf16.jpg
Pearland Tom Reid Library,"3522 Liberty Dr, Pearland, TX 77581",Activities,Library,https://encrypted-tbn0.gstatic.com/images?q=tbn:ANd9GcQxNA_kDrLgBs1T97AMuh8TFAaT-kJnqVP2gA&s